{"version":6,"validation":{"int8":{"support":119808,"confusion_matrix":[[119752,0],[0,56]],"non_background":{"precision":1,"recall":1,"f1":1},"classification_report":{"0":{"precision":1,"recall":1,"f1-score":1,"support":119752},"1":{"precision":1,"recall":1,"f1-score":1,"support":56},"accuracy":1,"macro avg":{"precision":1,"recall":1,"f1-score":1,"support":119808},"weighted avg":{"precision":1,"recall":1,"f1-score":1,"support":119808}},"class_names":["_background","Dice"]},"float32":{"support":119808,"confusion_matrix":[[119752,0],[0,56]],"non_background":{"precision":1,"recall":1,"f1":1},"classification_report":{"0":{"precision":1,"recall":1,"f1-score":1,"support":119752},"1":{"precision":1,"recall":1,"f1-score":1,"support":56},"accuracy":1,"macro avg":{"precision":1,"recall":1,"f1-score":1,"support":119808},"weighted avg":{"precision":1,"recall":1,"f1-score":1,"support":119808}},"class_names":["_background","Dice"]}},"test":{"int8":{"support":16,"confusion_matrix":[[2243,0],[4,57]],"non_background":{"precision":1,"recall":0.9344262295081968,"f1":0.9661016949152543},"classification_report":{"0":{"precision":0.9982198486871384,"recall":1,"f1-score":0.999109131403118,"support":2243},"1":{"precision":1,"recall":0.9344262295081968,"f1-score":0.9661016949152543,"support":61},"accuracy":0.9982638888888888,"macro avg":{"precision":0.9991099243435693,"recall":0.9672131147540983,"f1-score":0.9826054131591861,"support":2304},"weighted avg":{"precision":0.9982669794293627,"recall":0.9982638888888888,"f1-score":0.9982352366002709,"support":2304}},"class_names":["_background","Dice"]},"float32":{"support":16,"confusion_matrix":[[2243,0],[5,56]],"non_background":{"precision":1,"recall":0.9180327868852459,"f1":0.9572649572649572},"classification_report":{"0":{"precision":0.9977758007117438,"recall":1,"f1-score":0.9988866622133155,"support":2243},"1":{"precision":1,"recall":0.9180327868852459,"f1-score":0.9572649572649572,"support":61},"accuracy":0.9978298611111112,"macro avg":{"precision":0.9988879003558719,"recall":0.959016393442623,"f1-score":0.9780758097391363,"support":2304},"weighted avg":{"precision":0.9978346879324831,"recall":0.9978298611111112,"f1-score":0.997784698670846,"support":2304}},"class_names":["_background","Dice"]}}}